{
    "xgboost": {
        "f1_score": 0.5012448132780083,
        "auc_score": 0.7315057706827742
    },
    "logistic": {
        "f1_score": 0.5740181268882175,
        "auc_score": 0.6925380217883723
    }
}